method,config,final_tokens,top1,top5,delta_top1_vs_baseline
baseline,deit3_small,197,81.38,95.46,0.00
tome,r=4,149,81.09,95.43,-0.29
tome,r=8,101,80.52,95.13,-0.86
tome,r=12,53,78.93,94.15,-2.45
tome-adaptive,r=4 strength=0.7 (schedule-v2),149,81.22,95.38,-0.16
tome-adaptive,r=8 strength=0.7 (schedule-v2),101,80.68,95.15,-0.70
tome-adaptive,r=12 strength=0.7 (schedule-v2),53,79.62,94.57,-1.76
tome-adaptive,r=12 force-front ablation,53,78.07,93.71,-3.31
evit,k=148,149,80.77,95.10,-0.61
evit,k=100,101,78.11,93.74,-3.27
evit,k=52,53,66.94,86.55,-14.44
