method,config,final_tokens,params_M,flops_G_nominal,latent_ms_per_img,throughput_img_s
baseline,deit3_small,197,22.06,4.25,0.36,2813.1
tome,r=4,149,22.06,3.76,0.34,2965.7
tome,r=8,101,22.06,3.23,0.30,3374.6
tome,r=12,53,22.06,2.70,0.28,3573.1
tome-adaptive,r=4 strength=0.7 (schedule-v2),149,22.06,3.84,0.37,2724.6
tome-adaptive,r=8 strength=0.7 (schedule-v2),101,22.06,3.38,0.33,3006.0
tome-adaptive,r=12 strength=0.7 (schedule-v2),53,22.06,2.93,0.32,3122.8
evit,k=148,149,22.06,3.60,0.32,3167.8
evit,k=100,101,22.06,2.95,0.26,3810.6
evit,k=52,53,22.06,2.29,0.21,4789.8
